ubicacion,categoria,texto_actual,texto_propuesto
"index.html (L54)","etiqueta/HTML","IOC · UACh",""
"index.html (L62)","etiqueta/HTML","Nuevo Ctrl+N",""
"index.html (L63)","etiqueta/HTML","Abrir… Ctrl+O",""
"index.html (L64)","etiqueta/HTML","Guardar Ctrl+S",""
"index.html (L65)","etiqueta/HTML","Guardar Como…",""
"index.html (L66)","etiqueta/HTML","🧹 Autoguardados temporales…",""
"index.html (L68)","etiqueta/HTML","Importar CSV…",""
"index.html (L69)","etiqueta/HTML","Exportar CSV",""
"index.html (L70)","etiqueta/HTML","Descargar Plantilla CSV",""
"index.html (L72)","etiqueta/HTML","Exportar Resultados Estáticos",""
"index.html (L73)","etiqueta/HTML","Exportar Resultados Modales",""
"index.html (L74)","etiqueta/HTML","Exportar Resultados Espectrales",""
"index.html (L76)","etiqueta/HTML","📄 Memoria / Bases de Cálculo (PDF)…",""
"index.html (L77)","etiqueta/HTML","📝 Memoria de Cálculo (Word .docx)…",""
"index.html (L84)","etiqueta/HTML","Deshacer Ctrl+Z",""
"index.html (L85)","etiqueta/HTML","Rehacer Ctrl+Y",""
"index.html (L87)","etiqueta/HTML","Selec. Todo Ctrl+A",""
"index.html (L88)","etiqueta/HTML","Eliminar Del",""
"index.html (L90)","etiqueta/HTML","Discretizar Todo…",""
"index.html (L91)","etiqueta/HTML","Unir Elementos Seleccionados",""
"index.html (L92)","etiqueta/HTML","Unir en Intersección (crear nodo)…",""
"index.html (L93)","etiqueta/HTML","Crear elemento de área (membrana 3/4 nodos)…",""
"index.html (L94)","etiqueta/HTML","Mallar panel (4 esquinas) — clic en nodos…",""
"index.html (L95)","etiqueta/HTML","Mallar región libre — clic en nodos…",""
"index.html (L96)","etiqueta/HTML","Suavizar malla (calidad)…",""
"index.html (L97)","etiqueta/HTML","Crear link / coupling (2 nodos)…",""
"index.html (L99)","etiqueta/HTML","Definir Ejes de Grilla…",""
"index.html (L100)","etiqueta/HTML","Combinaciones de Carga… F8",""
"index.html (L101)","etiqueta/HTML","Crear casos y combos de norma (NCh3171)…",""
"index.html (L108)","etiqueta/HTML","Isométrica I",""
"index.html (L109)","etiqueta/HTML","Planta XY T",""
"index.html (L110)","etiqueta/HTML","Frente XZ F",""
"index.html (L111)","etiqueta/HTML","Lateral YZ L",""
"index.html (L113)","etiqueta/HTML","Grilla G",""
"index.html (L114)","etiqueta/HTML","Ejes XYZ",""
"index.html (L115)","etiqueta/HTML","Zoom Extensión Home",""
"index.html (L117)","etiqueta/HTML","Ocultar selección H",""
"index.html (L118)","etiqueta/HTML","Mostrar todo Shift+H",""
"index.html (L119)","etiqueta/HTML","Mostrar/ocultar cargas",""
"index.html (L121)","etiqueta/HTML","Resultado: Deformada 1",""
"index.html (L122)","etiqueta/HTML","Resultado: Axial N 2",""
"index.html (L123)","etiqueta/HTML","Resultado: Cortante Vy 3",""
"index.html (L124)","etiqueta/HTML","Resultado: Cortante Vz 4",""
"index.html (L125)","etiqueta/HTML","Resultado: Torsión T 5",""
"index.html (L126)","etiqueta/HTML","Resultado: Momento My 6",""
"index.html (L127)","etiqueta/HTML","Resultado: Momento Mz 7",""
"index.html (L128)","etiqueta/HTML","Resultado: Tensiones áreas (von Mises) 8",""
"index.html (L135)","etiqueta/HTML","▶ Análisis Estático F5",""
"index.html (L136)","etiqueta/HTML","↻ Recalcular (forzar, ignora resultados guardados)",""
"index.html (L139)","etiqueta/HTML","Análisis lineales",""
"index.html (L141)","etiqueta/HTML","▶ Estático — todos los casos y combos F5",""
"index.html (L142)","etiqueta/HTML","▶ Modal… F6",""
"index.html (L143)","etiqueta/HTML","▶ Espectro de Respuesta… F7",""
"index.html (L144)","etiqueta/HTML","▶ Time-history modal — acelerograma…",""
"index.html (L148)","etiqueta/HTML","Análisis NL-lite",""
"index.html (L150)","etiqueta/HTML","▶ No Lineal — cables…",""
"index.html (L151)","etiqueta/HTML","▶ P-Delta…",""
"index.html (L152)","etiqueta/HTML","▶ Pandeo Lineal — factor crítico…",""
"index.html (L153)","etiqueta/HTML","▶ Form-finding — densidades de fuerza…",""
"index.html (L154)","etiqueta/HTML","▶ Rótulas Plásticas — colapso…",""
"index.html (L155)","etiqueta/HTML","▶ Pushover — control de desplazamiento…",""
"index.html (L156)","etiqueta/HTML","▶ Time-history NO LINEAL — rótulas (edificio de corte)…",""
"index.html (L162)","etiqueta/HTML","▶ Etapas constructivas — staged…",""
"index.html (L163)","etiqueta/HTML","▶ Pretensado por tendón — cargas equivalentes…",""
"index.html (L164)","etiqueta/HTML","▶ Cargas móviles / líneas de influencia…",""
"index.html (L168)","etiqueta/HTML","Ver Matrices Globales K · M…",""
"index.html (L169)","etiqueta/HTML","Diagnosticar estabilidad (nodos sueltos)…",""
"index.html (L171)","etiqueta/HTML","✕ Limpiar Resultados (descartar)",""
"index.html (L171)","tooltip","DESCARTA todos los resultados calculados (estático, modal, espectro, NL, diseño) y revierte la malla auto-discretizada. Pide confirmación. Para sólo volver a ver el modelo sin borrar nada, usa «Vista modelo» en la barra.",""
"index.html (L178)","etiqueta/HTML","Generar modelo desde ficha…",""
"index.html (L185)","etiqueta/HTML","Guía Rápida F1",""
"index.html (L186)","etiqueta/HTML","Convenciones de Signos y Ejes",""
"index.html (L187)","etiqueta/HTML","Ejemplos Guiados",""
"index.html (L189)","etiqueta/HTML","Acerca de PÓRTICO",""
"index.html (L196)","tooltip","Modo profesional activo",""
"index.html (L197)","tooltip","Configuración (memoria, visualización, modificadores de sección)",""
"index.html (L199)","tooltip","Cambiar tema claro/oscuro",""
"index.html (L204)","tooltip","Sistema de unidades fijo: kN, m, ton, rad. Todo el cálculo se hace en estas unidades.",""
"index.html (L205)","etiqueta/HTML","kN – m",""
"index.html (L206)","etiqueta/HTML","ton – m (no disponible)",""
"index.html (L207)","etiqueta/HTML","kip – ft (no disponible)",""
"index.html (L217)","tooltip","Seleccionar S",""
"index.html (L221)","tooltip","Mover vista — PAN (arrastrar con la izquierda)",""
"index.html (L227)","tooltip","Agregar Nodo N",""
"index.html (L237)","tooltip","Agregar Elemento E",""
"index.html (L245)","tooltip","Agregar Área (membrana/placa/shell): clic en 3–4 nodos, Enter para crear",""
"index.html (L255)","tooltip","Mallar región: activa el modo y luego haz clic en los nodos del contorno → Enter para mallar (Esc reinicia)",""
"index.html (L263)","tooltip","Asignar Apoyo R",""
"index.html (L287)","tooltip","Ejecutar Análisis F5",""
"index.html (L293)","tooltip","Volver a la vista normal del modelo (sale de la deformada/diagramas/contornos CONSERVANDO los resultados). Para descartar los resultados: menú Análisis → Limpiar Resultados.",""
"index.html (L298)","etiqueta/HTML","Vista modelo",""
"index.html (L306)","etiqueta/HTML","Z piso",""
"index.html (L307)","tooltip","Plano de inserción de nodos (coordenada Z del piso activo)",""
"index.html (L311)","tooltip","Tamaño del snap a grilla",""
"index.html (L315)","tooltip","Imán a nodos: al crear elementos, los extremos se pegan al nodo existente más cercano (lo reutilizan en vez de duplicar). Desactívalo para crear un nodo nuevo aunque haya otro al lado.",""
"index.html (L322)","tooltip","Fijar nodos: impide mover un nodo al arrastrarlo con el mouse (evita moverlo sin querer). Desmárcalo para poder arrastrar los nodos seleccionados.",""
"index.html (L328)","tooltip","Plano de arrastre de nodos: en qué plano se mueve el nodo al arrastrarlo (XY = horizontal, XZ = vertical frontal, YZ = vertical lateral).",""
"index.html (L329)","tooltip","Plano de arrastre de nodos",""
"index.html (L337)","tooltip","Discretización automática: al analizar, cada elemento se subdivide internamente en N tramos (deformadas y diagramas precisos, rótulas visibles en la deformada). Al limpiar resultados el modelo vuelve a su estado original.",""
"index.html (L340)","tooltip","Nº de tramos por elemento para el análisis",""
"index.html (L346)","tooltip","Modo del modelo (se elige en Archivo → Nuevo)",""
"index.html (L353)","tooltip","Elevación 2D real de un eje estructural: muestra solo ese plano (ortográfico, sin profundidad) y los nodos nuevos caen en él. Defina ejes en Editar → Definir Ejes de Grilla.",""
"index.html (L359)","tooltip","Mostrar/ocultar IDs de nodos D",""
"index.html (L367)","tooltip","Vista extruida de secciones X",""
"index.html (L381)","etiqueta/HTML","Axial N",""
"index.html (L382)","etiqueta/HTML","Cortante Vy",""
"index.html (L383)","etiqueta/HTML","Cortante Vz",""
"index.html (L384)","etiqueta/HTML","Torsión T",""
"index.html (L385)","etiqueta/HTML","Momento My",""
"index.html (L386)","etiqueta/HTML","Momento Mz",""
"index.html (L387)","etiqueta/HTML","Tensiones áreas (von Mises)",""
"index.html (L390)","tooltip","Factor de escala relativo: 1 = ajuste automático normalizado. Doble clic en el número para volver a 1.",""
"index.html (L391)","etiqueta/HTML","Escala ×",""
"index.html (L393)","tooltip","Ajuste fino relativo al tamaño automático (×0.03 … ×31)",""
"index.html (L395)","tooltip","Factor relativo (1 = automático). Doble clic = volver a 1.",""
"index.html (L420)","tooltip","Exportar imagen PNG",""
"index.html (L432)","tooltip","Nuevo caso de carga o combinación",""
"index.html (L433)","tooltip","Editar caso activo: nombre, peso propio, eliminar",""
"index.html (L434)","etiqueta/HTML","⬇ cargas",""
"index.html (L434)","tooltip","Mostrar / ocultar las flechas de carga",""
"index.html (L447)","etiqueta/HTML","Hz T",""
"index.html (L454)","tooltip","Animar modo",""
"index.html (L460)","etiqueta/HTML","↓ CSV",""
"index.html (L469)","tooltip","Arrastrar para redimensionar",""
"index.html (L496)","etiqueta/HTML","Haga clic en un nodo o elemento para ver y editar sus propiedades.",""
"index.html (L501)","etiqueta/HTML","＋ Nuevo Nodo",""
"index.html (L510)","etiqueta/HTML","＋ Agregar Material",""
"index.html (L515)","etiqueta/HTML","＋ Agregar Sección",""
"index.html (L525)","etiqueta/HTML","⚡ Auto-detectar Pisos",""
"index.html (L526)","etiqueta/HTML","＋ Agregar Diafragma",""
"index.html (L542)","etiqueta/HTML","Ejecute Análisis Modal (F6) para ver resultados.",""
"index.html (L546)","etiqueta/HTML","Ejecute Análisis Estático (F5) para ver resultados.",""
"index.html (L550)","etiqueta/HTML","⚙ Crear casos y combos de norma (NCh3171)",""
"index.html (L550)","tooltip","Casos D/L y combinaciones LRFD + servicio de la NCh3171",""
"index.html (L552)","etiqueta/HTML","＋ Agregar Combinación",""
"index.html (L555)","etiqueta/HTML","Ejecute Rótulas plásticas (Análisis → NL-lite) para ver la secuencia de formación de rótulas y el factor de colapso.",""
"index.html (L564)","etiqueta/HTML","Verificación de",""
"index.html (L565)","etiqueta/HTML","⚙ Verificar diseño",""
"index.html (L573)","etiqueta/HTML","Describe la estructura en palabras y el asistente arma la ficha y genera el modelo (geometría, secciones, cargas NCh y combinaciones).",""
"index.html (L575)","etiqueta/HTML","Descripción del modelo",""
"index.html (L576)","placeholder","Ej.: edificio de 4 niveles de 3 m, 3 vanos de 6 m en X y 2 de 5 m en Y, hormigón H30, vigas 25x50, pilares 35x35, salas de clases, en Valdivia, con sismo zona 2 suelo D",""
"index.html (L579)","etiqueta/HTML","✦ Generar modelo con el asistente",""
"index.html (L580)","etiqueta/HTML","Editar ficha avanzada (JSON)…",""
"index.html (L584)","etiqueta/HTML","Modificar el modelo actual",""
"index.html (L585)","etiqueta/HTML","Pide cambios sobre el modelo ya construido: agregar cargas, anexar un piso encima o un vano lateral, aplicar modificadores de rigidez o masa. Si seleccionas elementos/nodos, las órdenes con ""selección"" actúan sobre ellos.",""
"index.html (L587)","etiqueta/HTML","¿Qué cambio quieres hacer?",""
"index.html (L588)","placeholder","Ej.: agrega carga viva de 20 kN/m a todas las vigas · anexa un piso de 3 m encima · agrega un vano de 5 m hacia la derecha · aplica modificador de rigidez 0.5 a la selección",""
"index.html (L590)","etiqueta/HTML","✦ Aplicar cambio",""
"index.html (L601)","etiqueta/HTML","Modo: Seleccionar",""
"index.html (L603)","etiqueta/HTML","X: — Y: — Z: —",""
"index.html (L604)","etiqueta/HTML","Sin selección",""
"index.html (L605)","etiqueta/HTML","Sin resultados",""
"index.html (L605)","tooltip","Resultados disponibles — clic para abrir el Centro de análisis",""
"index.html (L606)","etiqueta/HTML","Nodos: 0 | Elem: 0",""
"index.html (L607)","etiqueta/HTML","kN — m",""
"index.html (L628)","etiqueta/HTML","PÓRTICO — Ayuda",""
"index.html (L630)","etiqueta/HTML","Guía Rápida",""
"index.html (L633)","etiqueta/HTML","Acerca de",""
"index.html (L635)","tooltip","Cerrar (Esc)",""
"index.html (L642)","etiqueta/HTML","Flujo de trabajo",""
"index.html (L664)","etiqueta/HTML","Atajos de teclado",""
"index.html (L685)","etiqueta/HTML","Ejes globales",""
"index.html (L689)","etiqueta/HTML","Ejes locales del elemento",""
"index.html (L690)","etiqueta/HTML","El eje x local va del nodo 1 al nodo 2. Los ejes y/z se orientan automáticamente:",""
"index.html (L727)","etiqueta/HTML","Signos de esfuerzos y resultados",""
"index.html (L729)","etiqueta/HTML","N > 0 = tracción · N < 0 = compresión.",""
"index.html (L735)","etiqueta/HTML","violetas (doble punta)",""
"index.html (L741)","etiqueta/HTML","Liberaciones (rótulas)",""
"index.html (L743)","etiqueta/HTML","Liberar un esfuerzo (N, Vy, Vz, T, My, Mz) en un extremo ⇒ ese esfuerzo vale 0 ahí.",""
"index.html (L746)","etiqueta/HTML","El botón «Rótula» libera My + Mz (rótula clásica de momento).",""
"index.html (L747)","etiqueta/HTML","⚠ Liberar en exceso crea un mecanismo : el análisis lo detecta y avisa.",""
"index.html (L760)","etiqueta/HTML","Cargando…",""
"index.html (L763)","etiqueta/HTML","📋 Instrucciones para el docente: cómo agregar ejemplos",""
"index.html (L765)","etiqueta/HTML","Modele el ejemplo en PÓRTICO y guárdelo con Archivo → Guardar (ej.: viga_simple.s3d ).",""
"index.html (L766)","etiqueta/HTML","Copie el archivo a la carpeta examples/ del proyecto.",""
"index.html (L767)","etiqueta/HTML","Cree o edite examples/index.json con una entrada por ejemplo:",""
"index.html (L809)","etiqueta/HTML","Elementos barra 3D tipo Timoshenko (12 GDL), liberaciones por condensación estática.",""
"index.html (L811)","etiqueta/HTML","Diafragmas rígidos, masas nodales, apoyos elásticos (resortes).",""
"index.html (L812)","etiqueta/HTML","Análisis modal y espectro de respuesta (CQC/SRSS).",""
"index.html (L813)","etiqueta/HTML","Herramientas didácticas: matrices Ke/T/K/Me y globales, DCL con verificación de equilibrio.",""
"index.html (L815)","etiqueta/HTML","Limitaciones conocidas (¡léalas!)",""
"index.html (L817)","etiqueta/HTML","Análisis lineal : sin P-Δ ni no-linealidad de material o geometría.",""
"index.html (L820)","etiqueta/HTML","Cargas en elementos: solo distribuidas uniformes en todo el vano.",""
"index.html (L821)","etiqueta/HTML","Sin verificación de diseño (hormigón/acero) ni normativa automática (NCh433).",""
"index.html (L842)","etiqueta/HTML","Facultad de Ciencias de la Ingeniería · Instituto de Obras Civiles",""
"index.html (L867)","etiqueta/HTML","Laboratorio virtual de análisis estructural 3D",""
"index.html (L874)","etiqueta/HTML","Modelado 3D",""
"index.html (L874)","etiqueta/HTML","Análisis estático",""
"index.html (L874)","etiqueta/HTML","Formas modales",""
"index.html (L875)","etiqueta/HTML","Espectro de respuesta",""
"index.html (L875)","etiqueta/HTML","Diafragmas rígidos",""
"index.html (L878)","etiqueta/HTML","Entrar al laboratorio (vacío) →",""
"index.html (L879)","etiqueta/HTML","✦ Generar modelo con el asistente →",""
"index.html (L880)","etiqueta/HTML","📖 Manual de uso",""
"index.html (L881)","etiqueta/HTML","⤓ Instalar app",""
"index.html (L1049)","etiqueta/HTML","' + m[2].trim() + '",""
"js/app.js (L781)","etiqueta/HTML","Nº de partes por elemento",""
"js/app.js (L782)","etiqueta/HTML","Longitud de tramo (m)",""
"js/app.js (L874)","etiqueta/HTML","⬇ Exportar matrices a CSV",""
"js/app.js (L920)","etiqueta/HTML","⬇ Exportar K y M globales a CSV",""
"js/app.js (L985)","etiqueta/HTML","Abrir ejemplo",""
"js/app.js (L1151)","etiqueta/HTML","Ejes X (A, B, C…) — dirección X global",""
"js/app.js (L1153)","etiqueta/HTML","Ejes Y (1, 2, 3…) — dirección Y global",""
"js/app.js (L1155)","etiqueta/HTML","Niveles Z (pisos)",""
"js/app.js (L1301)","etiqueta/HTML","✓ resultados",""
"js/app.js (L1302)","etiqueta/HTML","sin ejecutar",""
"js/app.js (L1304)","etiqueta/HTML","Ver ……",""
"js/app.js (L1309)","tooltip","Incluir en «Analizar seleccionados»",""
"js/app.js (L1312)","etiqueta/HTML","Ejecutar…",""
"js/app.js (L1338)","etiqueta/HTML","Estático / lineal",""
"js/app.js (L1339)","etiqueta/HTML","Avanzados (NL-lite)",""
"js/app.js (L1364)","etiqueta/HTML","▶ Analizar seleccionados",""
"js/app.js (L1364)","tooltip","Corre en orden los análisis marcados, con parámetros por defecto (sin diálogos)",""
"js/app.js (L2011)","etiqueta/HTML","Ver resultados",""
"js/app.js (L2237)","etiqueta/HTML","Número de modos a extraer (1–50)",""
"js/app.js (L2249)","etiqueta/HTML","Método de extracción",""
"js/app.js (L2251)","etiqueta/HTML","Iteración inversa (Stodola) — robusto, modo a modo",""
"js/app.js (L2252)","etiqueta/HTML","Iteración de subespacio (Bathe) — bloque, rápido con muchos modos",""
"js/app.js (L2257)","tooltip","Modal sobre K+Kg(estado): la fuerza axial del estado de referencia rigidiza (tracción) o ablanda (compresión) las frecuencias. Como en SAP2000 (modal sobre un caso no lineal).",""
"js/app.js (L2263)","etiqueta/HTML","Estado de referencia (carga que genera Kg)",""
"js/app.js (L2712)","etiqueta/HTML","Dirección de excitación",""
"js/app.js (L2713)","etiqueta/HTML","Z (vertical)",""
"js/app.js (L2714)","etiqueta/HTML","N° de modos",""
"js/app.js (L2715)","etiqueta/HTML","Amortiguamiento ζ (%)",""
"js/app.js (L2720)","etiqueta/HTML","Demo — Pulso de Ricker (sintético)",""
"js/app.js (L2721)","etiqueta/HTML","Demo — Armónico (sintético)",""
"js/app.js (L2722)","etiqueta/HTML","Demo — Sismo sintético (NO es real)",""
"js/app.js (L2723)","etiqueta/HTML","Pegar / cargar registro (t a) o (a)…",""
"js/app.js (L2727)","placeholder","Pegue el registro: dos columnas «t a» (s, m/s²) o una columna «a» con Δt. Líneas con # o texto se ignoran.",""
"js/app.js (L2729)","etiqueta/HTML","Δt si es 1 columna (s)",""
"js/app.js (L2734)","etiqueta/HTML","Escalar a PGA (m/s², 0 = no escalar)",""
"js/app.js (L2922)","tooltip","ID del nodo, elemento o área a monitorear",""
"js/app.js (L2935)","tooltip","Ir al instante de máxima respuesta",""
"js/app.js (L2936)","etiqueta/HTML","⤓ CSV",""
"js/app.js (L3054)","etiqueta/HTML","Todos los elementos (…)",""
"js/app.js (L3055)","etiqueta/HTML","Grupo «…» (…)",""
"js/app.js (L3056)","etiqueta/HTML","— ninguna —",""
"js/app.js (L3064)","etiqueta/HTML","Añadir etapa con",""
"js/app.js (L3065)","etiqueta/HTML","peso propio nuevo",""
"js/app.js (L3066)","etiqueta/HTML","➕ Añadir",""
"js/app.js (L3070)","etiqueta/HTML","Caso de SERVICIO en la última etapa (estructura terminada)",""
"js/app.js (L3083)","etiqueta/HTML","… elem…",""
"js/app.js (L3088)","etiqueta/HTML","Sin etapas. Añade al menos una.",""
"js/app.js (L3153)","etiqueta/HTML","(crea un caso de carga primero)",""
"js/app.js (L3161)","etiqueta/HTML","Caso de carga destino",""
"js/app.js (L3164)","etiqueta/HTML","e inicial (m)",""
"js/app.js (L3165)","etiqueta/HTML","e centro (m)",""
"js/app.js (L3166)","etiqueta/HTML","e final (m)",""
"js/app.js (L3169)","etiqueta/HTML","Quiebres «s,e» por línea (s∈[0,1], e ↓+ en m)",""
"js/app.js (L3175)","etiqueta/HTML","Efectiva P directa",""
"js/app.js (L3175)","etiqueta/HTML","Tesado + pérdidas",""
"js/app.js (L3176)","etiqueta/HTML","P (kN)",""
"js/app.js (L3179)","etiqueta/HTML","P₀ gato (kN)",""
"js/app.js (L3180)","etiqueta/HTML","μ (1/rad)",""
"js/app.js (L3182)","etiqueta/HTML","Pérdida tanto alzado",""
"js/app.js (L3184)","etiqueta/HTML","Resolver estático tras aplicar",""
"js/app.js (L3257)","etiqueta/HTML","Nodo …",""
"js/app.js (L3258)","etiqueta/HTML","Elem …",""
"js/app.js (L3265)","etiqueta/HTML","Línea de influencia (carga unitaria)",""
"js/app.js (L3265)","etiqueta/HTML","Envolvente (tren de cargas)",""
"js/app.js (L3266)","etiqueta/HTML","Posiciones de barrido",""
"js/app.js (L3269)","etiqueta/HTML","Reacción de apoyo",""
"js/app.js (L3269)","etiqueta/HTML","Esfuerzo en sección",""
"js/app.js (L3273)","etiqueta/HTML","Fz (vertical)",""
"js/app.js (L3277)","etiqueta/HTML","Posición ξ (0–1)",""
"js/app.js (L3281)","etiqueta/HTML","Tren «offset,P» por línea (offset m respecto al eje de referencia, P en kN ↓)",""
"js/app.js (L3356)","etiqueta/HTML","Pista L = … m · … posiciones",""
"js/app.js (L3359)","etiqueta/HTML","⬇ CSV",""
"js/app.js (L3543)","etiqueta/HTML","Endurec. α",""
"js/app.js (L3552)","etiqueta/HTML","Botón de re-semilla de Vy a un coef. de corte basal Cy·peso:",""
"js/app.js (L3554)","etiqueta/HTML","↻ Vy = Cy·peso acumulado",""
"js/app.js (L3565)","placeholder","Registro: «t a» (s, m/s²) o una columna «a» con Δt.",""
"js/app.js (L3567)","etiqueta/HTML","Δt si 1 columna (s)",""
"js/app.js (L3572)","etiqueta/HTML","Escalar a PGA (m/s², 0 = no)",""
"js/app.js (L3638)","tooltip","Ir al pico",""
"js/app.js (L3847)","etiqueta/HTML","Límite de dimensiones (opcional):",""
"js/app.js (L3848)","etiqueta/HTML","ancho máx cm",""
"js/app.js (L3849)","etiqueta/HTML","alto máx cm",""
"js/app.js (L3852)","etiqueta/HTML","D/C objetivo",""
"js/app.js (L3852)","tooltip","D/C objetivo: la selección prefiere candidatos con D/C cerca de este valor (sin pasar de 1).",""
"js/app.js (L3853)","etiqueta/HTML","Acero:",""
"js/app.js (L3853)","tooltip","Familias de acero permitidas como candidatas (sólo aplica a secciones de acero/aluminio).",""
"js/app.js (L3864)","etiqueta/HTML","⚠ compartida = la sección la usan también elementos fuera del alcance.",""
"js/app.js (L3865)","etiqueta/HTML","✓ Aplicar al modelo",""
"js/app.js (L4003)","etiqueta/HTML","γ = ΣMnc ≥ γ·ΣMnb",""
"js/app.js (L4014)","etiqueta/HTML","Mn ≈ Fy·Zz por barra. Clasificación columna/viga por verticalidad. Clic en una fila para centrar el nudo. Rojo = no cumple.",""
"js/app.js (L4030)","etiqueta/HTML","Reglas simples de ingeniería para una sección inicial (antes del análisis). El resultado es editable y preliminar — requiere verificación posterior.",""
"js/app.js (L4033)","etiqueta/HTML","Hormigón armado",""
"js/app.js (L4036)","etiqueta/HTML","Luz / altura L (m)",""
"js/app.js (L4037)","etiqueta/HTML","Carga q (kN/m)",""
"js/app.js (L4038)","etiqueta/HTML","Axial N (kN)",""
"js/app.js (L4039)","etiqueta/HTML","f'c (MPa)",""
"js/app.js (L4042)","etiqueta/HTML","Crear sección y asignar a la selección de elementos",""
"js/app.js (L4388)","etiqueta/HTML","Número de modos de pandeo (1–20)",""
"js/app.js (L4467)","etiqueta/HTML","Sin elementos en compresión para este modo.",""
"js/app.js (L4652)","etiqueta/HTML","Densidad de fuerza q = N/L [kN/m] (mayor q → forma más tensa/recta)",""
"js/app.js (L4658)","etiqueta/HTML","Coordenadas a ajustar",""
"js/app.js (L4660)","etiqueta/HTML","Sólo vertical (Z) — mantiene las luces en planta (recomendado)",""
"js/app.js (L4661)","etiqueta/HTML","3D (x, y, z) — redistribuye también en planta (redes/mallas)",""
"js/app.js (L5108)","etiqueta/HTML","Mp para los elementos SELECCIONADOS [kN·m]",""
"js/app.js (L5120)","etiqueta/HTML","Momento plástico Mp [kN·m] (capacidad …)",""
"js/app.js (L5127)","etiqueta/HTML","Comportamiento de la rótula (curva constitutiva)",""
"js/app.js (L5129)","etiqueta/HTML","Dúctil — perfectamente plástica (meseta ∞)",""
"js/app.js (L5130)","etiqueta/HTML","Dúctil con caída — meseta hasta θu/δu y luego cae",""
"js/app.js (L5131)","etiqueta/HTML","Frágil — caída inmediata al alcanzar la capacidad",""
"js/app.js (L5137)","etiqueta/HTML","Capacidad residual tras la caída [% de la capacidad]",""
"js/app.js (L5142)","etiqueta/HTML","θu rotación última [rad] (momento)",""
"js/app.js (L5143)","etiqueta/HTML","δu desplaz. último [m] (N/V)",""
"js/app.js (L5151)","etiqueta/HTML","Curva constitutiva momento–giro de la rótula",""
"js/app.js (L5155)","etiqueta/HTML","Patrón de carga a evaluar (#45)",""
"js/app.js (L5253)","etiqueta/HTML","Patrón de carga de referencia (#45)",""
"js/app.js (L5264)","etiqueta/HTML","Idealiza las barras como reticulado (axial/cables). La imperfección dispara inestabilidades (snap-through / puntos límite).",""
"js/app.js (L5415)","etiqueta/HTML","Período arbitrario (escribir ↓)",""
"js/app.js (L5416)","etiqueta/HTML","Modo … — T = … s",""
"js/app.js (L5427)","etiqueta/HTML","Caso de espectro (elige uno guardado para editar sus parámetros, o crea uno nuevo)",""
"js/app.js (L5427)","etiqueta/HTML","(elige uno guardado para editar sus parámetros, o crea uno nuevo)",""
"js/app.js (L5429)","etiqueta/HTML","➕ Nuevo caso de espectro…",""
"js/app.js (L5436)","etiqueta/HTML","Dirección sísmica",""
"js/app.js (L5438)","etiqueta/HTML","X (E–O)",""
"js/app.js (L5439)","etiqueta/HTML","Y (N–S)",""
"js/app.js (L5445)","etiqueta/HTML","CQC (recomendado)",""
"js/app.js (L5450)","etiqueta/HTML","Amortiguamiento ζ",""
"js/app.js (L5456)","etiqueta/HTML","Construir espectro NCh433 / DS61",""
"js/app.js (L5458)","etiqueta/HTML","Zona sísmica (Ao)",""
"js/app.js (L5461)","etiqueta/HTML","Tipo de suelo",""
"js/app.js (L5464)","etiqueta/HTML","Categoría (I)",""
"js/app.js (L5465)","etiqueta/HTML","III (1.2)",""
"js/app.js (L5470)","etiqueta/HTML","T* (s) — período fundamental",""
"js/app.js (L5470)","placeholder","período en s",""
"js/app.js (L5471)","etiqueta/HTML","Generar curva",""
"js/app.js (L5478)","etiqueta/HTML","Unidades de Sa",""
"js/app.js (L5480)","etiqueta/HTML","g (×9.81 → m/s²)",""
"js/app.js (L5488)","etiqueta/HTML","Espectro — T (s), Sa (una pareja por línea)",""
"js/app.js (L5489)","placeholder","Aún sin espectro. Use «Generar curva» (NCh433) o pegue sus pares T, Sa.",""
"js/app.js (L5492)","etiqueta/HTML","Curva Sa(T) (se dibuja desde los datos de arriba)",""
"js/app.js (L5492)","etiqueta/HTML","(se dibuja desde los datos de arriba)",""
"js/app.js (L5694)","etiqueta/HTML","Caso de carga estático",""
"js/app.js (L5695)","etiqueta/HTML","Caso sísmico — espectro de respuesta",""
"js/app.js (L6010)","etiqueta/HTML","Tipo de modelo",""
"js/app.js (L6012)","etiqueta/HTML","Estructura 3D (espacial)",""
"js/app.js (L6013)","etiqueta/HTML","Pórtico 2D — plano X–Z (vista ortográfica real)",""
"js/app.js (L6205)","etiqueta/HTML","Describe el modelo en palabras (el asistente arma la ficha)",""
"js/app.js (L6206)","placeholder","Ej.: edificio de 4 niveles de 3 m, planta con 3 vanos de 6 m en X y 2 de 5 m en Y, hormigón H30, vigas 25x50, pilares 35x35, salas de clases, en Valdivia, con sismo zona 2 suelo D",""
"js/app.js (L6210)","etiqueta/HTML","Endpoint del asistente (Cloudflare Worker /api/asistente)",""
"js/app.js (L6212)","etiqueta/HTML","✦ Pedir ficha al asistente",""
"js/app.js (L6217)","etiqueta/HTML","Ver / editar la ficha (JSON) — avanzado",""
"js/app.js (L6415)","etiqueta/HTML","¿El modelo es lo que pediste?",""
"js/app.js (L6417)","etiqueta/HTML","✗ No era lo que pedí",""
"js/app.js (L6581)","etiqueta/HTML","Modo profesional …",""
"js/app.js (L6582)","etiqueta/HTML","Las funciones profesionales (editar descripción, pie de página, limitaciones, logo de empresa, motor de análisis y elementos de área) requieren un token autorizado , que se obtiene enviando una solicitud. Garantiza que la herramienta no se use con fines comerciales sin autorización. La versión académica conserva los créditos UACh · Facultad · IOC.",""
"js/app.js (L6584)","etiqueta/HTML","Desactivar modo profesional",""
"js/app.js (L6585)","etiqueta/HTML","Token profesional",""
"js/app.js (L6585)","placeholder","pegue su token",""
"js/app.js (L6589)","etiqueta/HTML","Memoria — encabezado",""
"js/app.js (L6592)","etiqueta/HTML","Subtítulo (kicker)…",""
"js/app.js (L6595)","etiqueta/HTML","Institución…",""
"js/app.js (L6596)","etiqueta/HTML","Sub-institución / unidad…",""
"js/app.js (L6605)","etiqueta/HTML","Memoria — contenido profesional…",""
"js/app.js (L6606)","etiqueta/HTML","Descripción del proyecto",""
"js/app.js (L6607)","etiqueta/HTML","Pie de página (vacío = pie académico)",""
"js/app.js (L6609)","etiqueta/HTML","Logo de empresa",""
"js/app.js (L6619)","etiqueta/HTML","Visualización de la memoria",""
"js/app.js (L6620)","etiqueta/HTML","Mostrar IDs de nodos y elementos en las figuras",""
"js/app.js (L6621)","etiqueta/HTML","Amplificar las formas modales para que se observen",""
"js/app.js (L6628)","etiqueta/HTML","Habilitar análisis no lineal (NL-lite)",""
"js/app.js (L6633)","etiqueta/HTML","Funciones avanzadas (profesional)…",""
"js/app.js (L6634)","etiqueta/HTML","Motor de análisis (elija uno)",""
"js/app.js (L6636)","etiqueta/HTML","Elementos de área (membrana / placa / Shell lineal elástico)",""
"js/app.js (L6644)","etiqueta/HTML","Modificadores de sección por defecto (rigidez)",""
"js/app.js (L6645)","etiqueta/HTML","Factores aplicados a A, I, J en el análisis (p.ej. sección agrietada ACI: viga 0.35, columna 0.70). Editables por sección en la pestaña Sec.",""
"js/app.js (L6652)","etiqueta/HTML","Aplicar estos modificadores a TODAS las secciones",""
"js/app.js (L6654)","etiqueta/HTML","Los parámetros de diseño (Fy, f′c, φ, cuantía…) usan valores normativos estándar.",""
"js/app.js (L6732)","etiqueta/HTML","➕ Sobreponer — agregar al modelo actual (funde nodos coincidentes)",""
"js/app.js (L6733)","etiqueta/HTML","🗑 Nueva — reemplazar el modelo actual por el generado",""
"js/app.js (L6734)","etiqueta/HTML","✕ Cancelar",""
"js/app.js (L6847)","etiqueta/HTML","El modelo se generó. Estos datos faltaban o no se reconocieron y se sustituyeron/estimaron:",""
"js/app.js (L7278)","etiqueta/HTML","Empezar nuevo (vacío)",""
"js/app.js (L7336)","etiqueta/HTML","· sesión actual",""
"js/app.js (L7351)","etiqueta/HTML","🧹 Limpiar todos",""
"js/app.js (L7976)","etiqueta/HTML","+ peso propio",""
"js/app.js (L7979)","etiqueta/HTML","No hay casos de carga estáticos definidos.",""
"js/app.js (L7993)","etiqueta/HTML","Espectro de respuesta — dirección …",""
"js/app.js (L7996)","etiqueta/HTML","Sa(T) = S·A₀·I·α(T)/R* (NCh433 / DS61). Unidad de Sa: ….",""
"js/app.js (L8015)","etiqueta/HTML","Modos extraídos: …. Frecuencias y períodos de los primeros modos:",""
"js/app.js (L8019)","etiqueta/HTML","Mx/My/Mrz = masa modal participante (%). Σ = acumulada.",""
"js/app.js (L8022)","etiqueta/HTML","No se ha ejecutado el análisis modal. Ejecute «Análisis → Análisis Modal (F6)» para documentar los modos de vibrar.",""
"js/app.js (L8029)","etiqueta/HTML","Deformada no disponible — ejecute el análisis estático (F5).",""
"js/app.js (L8071)","etiqueta/HTML","Límites como fracción de la luz L. La verificación de flecha por elemento debe contrastarse con la luz libre de cada vano.",""
"js/app.js (L8107)","etiqueta/HTML","No hay resultados de análisis para verificar. Ejecute el análisis estático (F5) con sus combinaciones de carga antes de generar la memoria.",""
"js/app.js (L8144)","etiqueta/HTML","Dirección sísmica …",""
"js/app.js (L8186)","etiqueta/HTML","Documento de carácter docente. Los resultados deben ser validados por un profesional competente antes de cualquier uso en obra.",""
"js/app.js (L8241)","etiqueta/HTML","🖨 Imprimir / Guardar PDF",""
"js/app.js (L8248)","etiqueta/HTML","1. Bases de cálculo",""
"js/app.js (L8250)","etiqueta/HTML","1.1 Descripción del modelo",""
"js/app.js (L8259)","etiqueta/HTML","1.2 Métodos de diseño",""
"js/app.js (L8262)","etiqueta/HTML","1.3 Normas y códigos",""
"js/app.js (L8265)","etiqueta/HTML","1.4 Materiales y propiedades mecánicas",""
"js/app.js (L8269)","etiqueta/HTML","1.5 Secciones",""
"js/app.js (L8273)","etiqueta/HTML","1.6 Cargas y sobrecargas",""
"js/app.js (L8276)","etiqueta/HTML","1.7 Acción sísmica",""
"js/app.js (L8279)","etiqueta/HTML","1.8 Combinaciones de carga",""
"js/app.js (L8282)","etiqueta/HTML","1.9 Flechas admisibles",""
"js/app.js (L8285)","etiqueta/HTML","2. Análisis estructural",""
"js/app.js (L8286)","etiqueta/HTML","2.1 Modelo deformado",""
"js/app.js (L8288)","etiqueta/HTML","2.2 Análisis modal — modos de vibrar",""
"js/app.js (L8291)","etiqueta/HTML","3. Diseño de elementos (resistencia)",""
"js/app.js (L8294)","etiqueta/HTML","4. Verificaciones de servicio",""
"js/app.js (L8295)","etiqueta/HTML","4.1 Deformaciones de vigas — sobrecarga de uso (sin mayorar)",""
"js/app.js (L8297)","etiqueta/HTML","4.2 Derivas sísmicas de entrepiso — NCh433 (límite 2/1000·h)",""
"js/app.js (L8300)","etiqueta/HTML","5. Limitaciones y alcances",""
"js/app.js (L8307)","etiqueta/HTML","Sin curva.",""
"js/app.js (L193)","mensaje/JS","Se salió de la malla de análisis (auto-disc) para editar el modelo original",""
"js/app.js (L213)","mensaje/JS","No se pudo crear el elemento (nodos inválidos)",""
"js/app.js (L238)","mensaje/JS","Nodo #… eliminado",""
"js/app.js (L249)","mensaje/JS","Elemento #… eliminado",""
"js/app.js (L259)","mensaje/JS","Elemento de área #… eliminado",""
"js/app.js (L310)","mensaje/JS","No se pudo discretizar (¿el tramo objetivo es mayor que el elemento?)",""
"js/app.js (L318)","mensaje/JS","Elemento #… dividido en … tramos",""
"js/app.js (L324)","mensaje/JS","Seleccione 2 o más elementos colineales (Ctrl+clic) para unir",""
"js/app.js (L329)","mensaje/JS","No se pudo unir: …",""
"js/app.js (L335)","mensaje/JS","… elementos unidos → Elemento #…",""
"js/app.js (L342)","mensaje/JS","Seleccione exactamente 2 elementos que se intersecten (Ctrl+clic) para unirlos",""
"js/app.js (L370)","mensaje/JS","… área(s) actualizadas",""
"js/app.js (L379)","mensaje/JS","Material aplicado a … elemento(s)",""
"js/app.js (L387)","mensaje/JS","Sección aplicada a … elemento(s)",""
"js/app.js (L396)","mensaje/JS","… elemento(s) divididos en … (… tramos)",""
"js/app.js (L399)","mensaje/JS","Seleccione elementos para ocultar",""
"js/app.js (L401)","mensaje/JS","… elemento(s) oculto(s) · Vista → Mostrar todo para revertir",""
"js/app.js (L411)","mensaje/JS","Seleccione elementos para agrupar",""
"js/app.js (L426)","mensaje/JS","Seleccione 3 nodos (CST) o 4 nodos (QUAD) para crear un elemento de área",""
"js/app.js (L431)","mensaje/JS","Espesor inválido",""
"js/app.js (L438)","mensaje/JS","No se pudo crear el área (nodos repetidos o inexistentes)",""
"js/app.js (L441)","mensaje/JS","Elemento de área … #… (…, t=… m) creado",""
"js/app.js (L448)","mensaje/JS","Un área necesita 3 (CST) o 4 (QUAD) nodos",""
"js/app.js (L457)","mensaje/JS","Área … #… (…, t=… m) — ajusta sus propiedades en el panel",""
"js/app.js (L488)","mensaje/JS","Seleccione 4 nodos esquina del panel (en cualquier orden)",""
"js/app.js (L497)","mensaje/JS","Demasiados elementos (>2500). Reduzca nx·ny.",""
"js/app.js (L527)","mensaje/JS","Seleccione ≥3 nodos que formen el contorno de la región",""
"js/app.js (L538)","mensaje/JS","Valores inválidos (h>0, t>0)",""
"js/app.js (L545)","mensaje/JS","No se pudo mallar la región:",""
"js/app.js (L555)","mensaje/JS","No hay elementos de área en el modelo",""
"js/app.js (L556)","mensaje/JS","Suavizar malla (calidad)",""
"js/app.js (L556)","mensaje/JS","nº de iteraciones (1–20)",""
"js/app.js (L570)","mensaje/JS","Seleccione exactamente 2 nodos (1º = maestro, 2º = esclavo)",""
"js/app.js (L591)","mensaje/JS","Seleccione nodos",""
"js/app.js (L612)","mensaje/JS","Indique un desplazamiento (dX, dY o dZ)",""
"js/app.js (L613)","mensaje/JS","Seleccione nodos o elementos para mover",""
"js/app.js (L617)","mensaje/JS","… nodo(s) movidos (…, …, …)",""
"js/app.js (L622)","mensaje/JS","Indique un desplazamiento (dX, dY o dZ) ≠ 0",""
"js/app.js (L624)","mensaje/JS","Seleccione nodos o elementos para copiar",""
"js/app.js (L672)","mensaje/JS","Copiado …: +… elemento(s)",""
"js/app.js (L683)","mensaje/JS","Seleccione nodos o elementos para espejar",""
"js/app.js (L706)","mensaje/JS","Espejado en …=…: +… elemento(s)",""
"js/app.js (L714)","mensaje/JS","No hay caso de carga",""
"js/app.js (L715)","mensaje/JS","El caso espectral no admite cargas nodales",""
"js/app.js (L728)","mensaje/JS","Seleccione elementos",""
"js/app.js (L731)","mensaje/JS","El caso espectral no admite cargas distribuidas",""
"js/app.js (L747)","mensaje/JS","El caso espectral no admite cargas de temperatura",""
"js/app.js (L761)","mensaje/JS","Área no encontrada",""
"js/app.js (L774)","mensaje/JS","No hay elementos",""
"js/app.js (L776)","mensaje/JS","Discretizar Todos los Elementos",""
"js/app.js (L813)","mensaje/JS","Discretizado: … → … elementos",""
"js/app.js (L851)","mensaje/JS","Elemento incompleto",""
"js/app.js (L878)","mensaje/JS","Matrices del Elemento #…",""
"js/app.js (L898)","mensaje/JS","Modelo vacío",""
"js/app.js (L924)","mensaje/JS","Matrices Globales K y M",""
"js/app.js (L988)","mensaje/JS","¿Descartar los cambios no guardados y abrir el ejemplo?",""
"js/app.js (L998)","mensaje/JS","No se pudo abrir: …",""
"js/app.js (L1070)","mensaje/JS","Ejecute el análisis primero (F5) para ver el DCL",""
"js/app.js (L1072)","mensaje/JS","Sin resultados para este elemento",""
"js/app.js (L1144)","mensaje/JS","Definir Ejes de Grilla",""
"js/app.js (L1180)","mensaje/JS","Nada que deshacer",""
"js/app.js (L1191)","mensaje/JS","Nada que rehacer",""
"js/app.js (L1203)","mensaje/JS","El modelo no tiene suficientes nodos",""
"js/app.js (L1208)","mensaje/JS","No se encontraron nuevos pisos (nodos en el mismo nivel Z)",""
"js/app.js (L1220)","mensaje/JS","… diafragma(s) creado(s) automáticamente…",""
"js/app.js (L1246)","mensaje/JS","Diafragma … creado — asigne nodos en el panel",""
"js/app.js (L1387)","mensaje/JS","Marque al menos un análisis",""
"js/app.js (L1426)","mensaje/JS","Lote …/…: ……",""
"js/app.js (L1429)","mensaje/JS","Lote detenido en «…»: …",""
"js/app.js (L1438)","mensaje/JS","No hay resultados estáticos",""
"js/app.js (L1442)","mensaje/JS","No hay resultados modales",""
"js/app.js (L1447)","mensaje/JS","Caso espectral no encontrado",""
"js/app.js (L1452)","mensaje/JS","No hay resultados no lineales",""
"js/app.js (L1455)","mensaje/JS","No hay resultados P-Delta",""
"js/app.js (L1458)","mensaje/JS","No hay resultados de pandeo",""
"js/app.js (L1461)","mensaje/JS","No hay resultados de rótulas plásticas",""
"js/app.js (L1464)","mensaje/JS","No hay resultados de pushover",""
"js/app.js (L1467)","mensaje/JS","No hay resultados de time-history",""
"js/app.js (L1470)","mensaje/JS","No hay resultados de etapas constructivas",""
"js/app.js (L1473)","mensaje/JS","No hay resultados de cargas móviles",""
"js/app.js (L1476)","mensaje/JS","No hay resultados de time-history no lineal",""
"js/app.js (L1532)","mensaje/JS","El modelo debe tener nodos y elementos (barras o áreas)",""
"js/app.js (L1542)","mensaje/JS","Analizando…",""
"js/app.js (L1586)","mensaje/JS","No hay casos de carga estáticos que analizar",""
"js/app.js (L1602)","mensaje/JS","Sin resultados: cree un caso de carga estático o ejecute F6+F7 para los espectrales",""
"js/app.js (L1626)","mensaje/JS","Análisis cancelado",""
"js/app.js (L1628)","mensaje/JS","Error: …",""
"js/app.js (L1634)","mensaje/JS","Modo: Resultados",""
"js/app.js (L1669)","mensaje/JS","No se pudo diagnosticar: …",""
"js/app.js (L1671)","mensaje/JS","Sin GDL sueltos: no se detectaron nodos con rigidez nula. Si el análisis falla, el mecanismo puede ser de varios GDL acoplados (p.ej. barras colineales rotuladas).",""
"js/app.js (L1923)","mensaje/JS","Diagramas (…/…)…",""
"js/app.js (L1981)","mensaje/JS","Ya estás en la vista del modelo",""
"js/app.js (L1994)","mensaje/JS","Vista del modelo (los resultados se conservan — usa «Ver resultados» para volver)",""
"js/app.js (L2021)","mensaje/JS","No hay resultados que limpiar",""
"js/app.js (L2022)","mensaje/JS","¿Descartar TODOS los resultados calculados (estático, modal, espectro, NL, diseño) y revertir la malla auto-discretizada? Si sólo quieres volver a ver el modelo sin borrar nada, usa «Vista modelo» en la barra.",""
"js/app.js (L2088)","mensaje/JS","No hay resultados — ejecute el análisis primero",""
"js/app.js (L2091)","mensaje/JS","Resultados exportados",""
"js/app.js (L2103)","mensaje/JS","El modelo no tiene apoyos",""
"js/app.js (L2119)","mensaje/JS","Análisis modal…",""
"js/app.js (L2211)","mensaje/JS","Error modal: …",""
"js/app.js (L2216)","mensaje/JS","Modo: Modal",""
"js/app.js (L2230)","mensaje/JS","Análisis Modal",""
"js/app.js (L2325)","mensaje/JS","Modo … (… Hz)",""
"js/app.js (L2446)","mensaje/JS","No hay resultados modales — ejecute Análisis Modal primero",""
"js/app.js (L2450)","mensaje/JS","Resultados modales exportados",""
"js/app.js (L2455)","mensaje/JS","No hay resultados espectrales — ejecute Espectro de Respuesta primero",""
"js/app.js (L2459)","mensaje/JS","Resultados espectrales exportados",""
"js/app.js (L2465)","mensaje/JS","Ejecute primero el Análisis Modal (F6)",""
"js/app.js (L2476)","mensaje/JS","Espectro omitido en el lote: defínalo una vez manualmente para fijar la curva.",""
"js/app.js (L2487)","mensaje/JS","Espectro…",""
"js/app.js (L2553)","mensaje/JS","Error espectro: …",""
"js/app.js (L2558)","mensaje/JS","Modo: Espectro",""
"js/app.js (L2571)","mensaje/JS","El modelo debe tener nodos y elementos",""
"js/app.js (L2580)","mensaje/JS","Acelerograma vacío o no reconocido.",""
"js/app.js (L2585)","mensaje/JS","Time-history…",""
"js/app.js (L2653)","mensaje/JS","Time-history OK · … modos · … · PGA … m/s² · u_máx … m (nodo …) · T₁=…s",""
"js/app.js (L2657)","mensaje/JS","Time-history: …",""
"js/app.js (L2661)","mensaje/JS","Modo: Time-history",""
"js/app.js (L2707)","mensaje/JS","Time-history modal (acelerograma en la base)",""
"js/app.js (L2757)","mensaje/JS","Registro:",""
"js/app.js (L2893)","mensaje/JS","El nodo … no existe",""
"js/app.js (L2894)","mensaje/JS","El elemento … no existe",""
"js/app.js (L2895)","mensaje/JS","El área … no existe",""
"js/app.js (L3002)","mensaje/JS","Historia exportada (…)",""
"js/app.js (L3017)","mensaje/JS","Las etapas constructivas requieren elementos de barra",""
"js/app.js (L3028)","mensaje/JS","Etapas OK · … fases · δmax acumulado … m · activos finales …",""
"js/app.js (L3032)","mensaje/JS","Etapas: …",""
"js/app.js (L3051)","mensaje/JS","Etapas constructivas (staged)",""
"js/app.js (L3099)","mensaje/JS","El grupo no tiene elementos",""
"js/app.js (L3130)","mensaje/JS","Selecciona los elementos del tendón (en orden, del ancla activa a la pasiva)",""
"js/app.js (L3137)","mensaje/JS","Caso de carga inexistente",""
"js/app.js (L3142)","mensaje/JS","Tendón aplicado a «…» · P=… kN · w_eq=… kN/m · L=… m",""
"js/app.js (L3145)","mensaje/JS","Tendón: …",""
"js/app.js (L3151)","mensaje/JS","Pretensado por tendón — cargas equivalentes",""
"js/app.js (L3202)","mensaje/JS","Selecciona un caso de carga",""
"js/app.js (L3224)","mensaje/JS","Selecciona los elementos de la PISTA (en orden a lo largo del recorrido)",""
"js/app.js (L3243)","mensaje/JS","Cargas móviles OK · … · máx … … · mín … …",""
"js/app.js (L3247)","mensaje/JS","Cargas móviles: …",""
"js/app.js (L3256)","mensaje/JS","Cargas móviles / líneas de influencia",""
"js/app.js (L3318)","mensaje/JS","Define al menos un eje del tren",""
"js/app.js (L3388)","mensaje/JS","Resultado exportado",""
"js/app.js (L3403)","mensaje/JS","El time-history no lineal (edificio de corte) requiere diafragmas rígidos por piso. Use «auto-detectar diafragmas» o defínalos.",""
"js/app.js (L3409)","mensaje/JS","No se pudo armar el edificio de corte: …",""
"js/app.js (L3410)","mensaje/JS","No se identificaron pisos (diafragmas).",""
"js/app.js (L3419)","mensaje/JS","Cada piso necesita masa y rigidez > 0 (edite la tabla).",""
"js/app.js (L3452)","mensaje/JS","Time-history NL OK · … pisos · … · T₁=…s · u_techo máx … m · … piso(s) en fluencia",""
"js/app.js (L3456)","mensaje/JS","Time-history no lineal: …",""
"js/app.js (L3524)","mensaje/JS","Time-history NO LINEAL — edificio de corte (rótulas)",""
"js/app.js (L3748)","mensaje/JS","Historia exportada",""
"js/app.js (L3759)","mensaje/JS","Ejecute el análisis estático (F5) antes de diseñar.",""
"js/app.js (L3787)","mensaje/JS","No hay elementos en el alcance con resultados de diseño.",""
"js/app.js (L3909)","mensaje/JS","No hay propuestas seleccionadas",""
"js/app.js (L3924)","mensaje/JS","Diseño aplicado a … sección(es). Recalcule el análisis (F5) y vuelva a verificar. Ctrl+Z deshace.",""
"js/app.js (L3934)","mensaje/JS","Ejecute el análisis (F5) y verifique el diseño antes de exportar el reporte.",""
"js/app.js (L3959)","mensaje/JS","Reporte de diseño exportado · … elementos · … no cumplen",""
"js/app.js (L3967)","mensaje/JS","No hay barras para chequear nudos SCWB",""
"js/app.js (L3981)","mensaje/JS","Nudos SCWB: … nudo(s) viga-columna · … NO cumple(n) · γ=…",""
"js/app.js (L4028)","mensaje/JS","⚡ Predimensionar (preliminar)",""
"js/app.js (L4112)","mensaje/JS","Active «Análisis no lineal (NL-lite)» en ⚙ Configuración primero",""
"js/app.js (L4117)","mensaje/JS","Modelo vacío: agregue nodos y elementos",""
"js/app.js (L4139)","mensaje/JS","No hay elementos válidos para el análisis no lineal",""
"js/app.js (L4149)","mensaje/JS","Todos los nodos están restringidos (sin GDL libres)",""
"js/app.js (L4191)","mensaje/JS","Error no lineal: …",""
"js/app.js (L4194)","mensaje/JS","El análisis no lineal no produjo pasos (¿mecanismo?)",""
"js/app.js (L4196)","mensaje/JS","No convergió en el paso …/… (tangente singular o carga excesiva). Se muestran los pasos logrados.",""
"js/app.js (L4197)","mensaje/JS","No lineal OK · … pasos · … caso(s) combinados",""
"js/app.js (L4306)","mensaje/JS","Active «Análisis no lineal (NL-lite)» en ⚙ Configuración",""
"js/app.js (L4317)","mensaje/JS","Pandeo lineal…",""
"js/app.js (L4366)","mensaje/JS","Pandeo: λcr = … · carga crítica = λcr × carga de referencia",""
"js/app.js (L4370)","mensaje/JS","Pandeo: …",""
"js/app.js (L4375)","mensaje/JS","Modo: Pandeo",""
"js/app.js (L4383)","mensaje/JS","Pandeo lineal",""
"js/app.js (L4485)","mensaje/JS","Sin GDL libres",""
"js/app.js (L4486)","mensaje/JS","Defina al menos un caso de carga.",""
"js/app.js (L4499)","mensaje/JS","Estado lineal inestable (mecanismo).",""
"js/app.js (L4501)","mensaje/JS","Estado lineal singular.",""
"js/app.js (L4511)","mensaje/JS","Tangente singular: la carga iguala o supera la de pandeo (λcr ≤ 1). Reduzca la carga o ejecute Pandeo.",""
"js/app.js (L4513)","mensaje/JS","Divergió: la carga alcanza la de pandeo.",""
"js/app.js (L4570)","mensaje/JS","El form-finding necesita ≥ 2 nodos ancla (apoyos, o bordes de la selección). Restrinja algunos nodos o seleccione los elementos a formar.",""
"js/app.js (L4578)","mensaje/JS","Sin elementos para formar la red.",""
"js/app.js (L4621)","mensaje/JS","Form-finding:",""
"js/app.js (L4644)","mensaje/JS","Form-finding (densidades de fuerza)",""
"js/app.js (L4672)","mensaje/JS","q debe ser un número > 0",""
"js/app.js (L4800)","mensaje/JS","Defina al menos un caso de carga (patrón de carga del pushover).",""
"js/app.js (L4804)","mensaje/JS","El patrón de carga es nulo (los casos no tienen cargas, o el peso propio no está activo). Asigne cargas antes de correr rótulas.",""
"js/app.js (L5103)","mensaje/JS","Rótulas plásticas (material elasto-plástico)",""
"js/app.js (L5174)","mensaje/JS","Mp debe ser un número > 0",""
"js/app.js (L5178)","mensaje/JS","Mp de la selección debe ser > 0",""
"js/app.js (L5248)","mensaje/JS","Pushover — control de desplazamiento",""
"js/app.js (L5294)","mensaje/JS","Defina un caso de carga (patrón de referencia).",""
"js/app.js (L5320)","mensaje/JS","Error en pushover: …",""
"js/app.js (L5322)","mensaje/JS","Pushover DC:",""
"js/app.js (L5566)","mensaje/JS","El espectro necesita al menos 2 puntos (T,Sa)",""
"js/app.js (L5689)","mensaje/JS","Nuevo Caso / Combinación",""
"js/app.js (L5762)","mensaje/JS","Caso espectral",""
"js/app.js (L5777)","mensaje/JS","No hay caso de carga activo",""
"js/app.js (L5780)","mensaje/JS","Editar Caso",""
"js/app.js (L5804)","mensaje/JS","¿Eliminar el caso",""
"js/app.js (L5897)","mensaje/JS","Combinación vacía — agregue al menos un factor",""
"js/app.js (L5972)","mensaje/JS","Norma NCh3171: casos D/L + … combinación(es) LRFD y servicio…",""
"js/app.js (L5978)","mensaje/JS","No hay combinaciones — créelas en la pestaña Combos.",""
"js/app.js (L5986)","mensaje/JS","Ejecutar Combinación",""
"js/app.js (L6002)","mensaje/JS","¿Descartar cambios no guardados y crear un nuevo modelo?",""
"js/app.js (L6008)","mensaje/JS","Nuevo Modelo",""
"js/app.js (L6048)","mensaje/JS","Nuevo modelo … creado",""
"js/app.js (L6053)","mensaje/JS","¿Descartar cambios no guardados?",""
"js/app.js (L6075)","mensaje/JS","Error al abrir: …",""
"js/app.js (L6151)","mensaje/JS","Error al cargar archivo: …",""
"js/app.js (L6180)","mensaje/JS","Asistente — generar modelo desde ficha",""
"js/app.js (L6184)","mensaje/JS","Generar modelo",""
"js/app.js (L6230)","mensaje/JS","Configure el endpoint del asistente",""
"js/app.js (L6231)","mensaje/JS","Escriba una descripción",""
"js/app.js (L6242)","mensaje/JS","Ficha recibida — pulsa «Generar modelo»",""
"js/app.js (L6243)","mensaje/JS","Error asistente:",""
"js/app.js (L6286)","mensaje/JS","Escribe qué cambiar en el modelo",""
"js/app.js (L6287)","mensaje/JS","No hay modelo que modificar (créalo primero)",""
"js/app.js (L6358)","mensaje/JS","Ficha JSON inválida:",""
"js/app.js (L6388)","mensaje/JS","Estructura sobrepuesta — … nodo(s) coincidente(s) fundido(s)",""
"js/app.js (L6401)","mensaje/JS","Error al generar:",""
"js/app.js (L6424)","mensaje/JS","Feedback del asistente",""
"js/app.js (L6424)","mensaje/JS","¿Qué esperabas? (opcional, ayuda a mejorar)",""
"js/app.js (L6429)","mensaje/JS","Gracias — registrado como «no era lo solicitado»",""
"js/app.js (L6430)","mensaje/JS","No se pudo enviar el feedback:",""
"js/app.js (L6575)","mensaje/JS","⚙ Configuración",""
"js/app.js (L6662)","mensaje/JS","Modo profesional activado",""
"js/app.js (L6665)","mensaje/JS","Modo profesional desactivado",""
"js/app.js (L6670)","mensaje/JS","Logo cargado (se aplica al guardar)",""
"js/app.js (L6684)","mensaje/JS","Modificadores aplicados a todas las secciones",""
"js/app.js (L6700)","mensaje/JS","Los elementos de área (membrana/placa/Shell) no están implementados aún (versión avanzada).",""
"js/app.js (L6712)","mensaje/JS","Configuración guardada",""
"js/app.js (L6843)","mensaje/JS","Sin reemplazos: todo se interpretó correctamente",""
"js/app.js (L6947)","mensaje/JS","Error al guardar: …",""
"js/app.js (L7016)","mensaje/JS","CSV importado con … advertencia(s)",""
"js/app.js (L7019)","mensaje/JS","CSV importado correctamente",""
"js/app.js (L7029)","mensaje/JS","Error al importar CSV: …",""
"js/app.js (L7040)","mensaje/JS","CSV exportado",""
"js/app.js (L7098)","mensaje/JS","El archivo trae resultados que no calzan con el modelo (se ignoran)",""
"js/app.js (L7197)","mensaje/JS","Plantilla descargada",""
"js/app.js (L7293)","mensaje/JS","No se pudo leer el autoguardado",""
"js/app.js (L7362)","mensaje/JS","¿Reanudar",""
"js/app.js (L7364)","mensaje/JS","Autoguardado reanudado",""
"js/app.js (L7368)","mensaje/JS","¿Eliminar TODOS los autoguardados temporales? (No afecta el modelo abierto.)",""
"js/app.js (L7371)","mensaje/JS","Autoguardados temporales eliminados",""
"js/app.js (L7388)","mensaje/JS","Trabajo autoguardado recuperado",""
"js/app.js (L7464)","mensaje/JS","Imagen exportada",""
"js/app.js (L7470)","mensaje/JS","Modelo vacío — nada que documentar",""
"js/app.js (L7472)","mensaje/JS","Generando memoria de cálculo…",""
"js/app.js (L7485)","mensaje/JS","Pop-up bloqueado — memoria descargada como HTML",""
"js/app.js (L7491)","mensaje/JS","Memoria generada — use «Imprimir → Guardar como PDF»",""
"js/app.js (L7500)","mensaje/JS","Generando memoria (Word)…",""
"js/app.js (L7512)","mensaje/JS","Memoria Word (.docx) descargada",""
"js/app.js (L7515)","mensaje/JS","No se pudo generar el .docx:",""
"js/ui/properties.js (L98)","etiqueta/HTML","Ejecute el análisis estático (F5). Para verificar la combinación última, selecciónela como resultado mostrado y vuelva a verificar.",""
"js/ui/properties.js (L101)","etiqueta/HTML","Calculando…",""
"js/ui/properties.js (L105)","etiqueta/HTML","No hay resultados para verificar.",""
"js/ui/properties.js (L135)","etiqueta/HTML","⚡ Predimensionar",""
"js/ui/properties.js (L135)","tooltip","Predimensionar (antes del análisis): propone una sección inicial por reglas simples.",""
"js/ui/properties.js (L136)","etiqueta/HTML","🧮 Diseñar (auto)",""
"js/ui/properties.js (L136)","tooltip","Diseñar (después del análisis): elige del catálogo el perfil de acero más liviano que cumple D/C≤1.",""
"js/ui/properties.js (L139)","etiqueta/HTML","🏛️ Nudos SCWB",""
"js/ui/properties.js (L139)","tooltip","Nudos columna fuerte–viga débil (ACI 18.7.3 / AISC 341): resalta en el modelo los nudos donde ΣMnc < γ·ΣMnb (no cumplen).",""
"js/ui/properties.js (L140)","etiqueta/HTML","📄 Reporte (CSV)",""
"js/ui/properties.js (L142)","etiqueta/HTML","Estados:",""
"js/ui/properties.js (L143)","etiqueta/HTML","… cumplen",""
"js/ui/properties.js (L143)","etiqueta/HTML","… ajustados",""
"js/ui/properties.js (L143)","etiqueta/HTML","… no cumplen",""
"js/ui/properties.js (L176)","etiqueta/HTML","(por defecto)",""
"js/ui/properties.js (L177)","etiqueta/HTML","Código …",""
"js/ui/properties.js (L179)","etiqueta/HTML","Código de diseño",""
"js/ui/properties.js (L179)","tooltip","Norma de diseño por familia (como SAP2000). Ver docs/diseno.md.",""
"js/ui/properties.js (L247)","etiqueta/HTML","capacidades: …",""
"js/ui/properties.js (L255)","etiqueta/HTML","Carga de colapso = … × carga de referencia.",""
"js/ui/properties.js (L266)","etiqueta/HTML","Secuencia de formación de rótulas (λ = factor de carga). Mp = capacidad de cada rótula [kN·m]. δctrl = desplazamiento máximo.",""
"js/ui/properties.js (L293)","etiqueta/HTML","Desplazamientos Nodo Master #…",""
"js/ui/properties.js (L322)","etiqueta/HTML","Ctrl+clic: añadir/quitar | Clic vacío: deseleccionar",""
"js/ui/properties.js (L327)","etiqueta/HTML","… elemento(s) — ejecute el análisis para ver fuerzas.",""
"js/ui/properties.js (L372)","etiqueta/HTML","… nodo(s) — ejecute el análisis para ver desplazamientos.",""
"js/ui/properties.js (L413)","etiqueta/HTML","Áreas · … seleccionada(s)",""
"js/ui/properties.js (L425)","etiqueta/HTML","Espesor t (m)",""
"js/ui/properties.js (L433)","etiqueta/HTML","Giro en el plano (triáng. Allman)",""
"js/ui/properties.js (L435)","tooltip","Triángulo Allman: añade GDL de giro en-plano (supera el bloqueo del CST). Solo afecta áreas de 3 nodos.",""
"js/ui/properties.js (L438)","etiqueta/HTML","Eliminar … área(s)",""
"js/ui/properties.js (L462)","etiqueta/HTML","Apoyo · … nodo(s)",""
"js/ui/properties.js (L464)","tooltip","Fija las 6 GDL",""
"js/ui/properties.js (L465)","tooltip","Fija traslaciones, libera giros",""
"js/ui/properties.js (L466)","tooltip","Solo vertical (Uz)",""
"js/ui/properties.js (L467)","tooltip","Sin apoyo",""
"js/ui/properties.js (L483)","etiqueta/HTML","Aplicar a todos",""
"js/ui/properties.js (L483)","tooltip","Asigna la misma carga nodal a TODOS los nodos seleccionados",""
"js/ui/properties.js (L484)","etiqueta/HTML","Limpiar todos",""
"js/ui/properties.js (L484)","tooltip","Quita la carga nodal de los nodos seleccionados",""
"js/ui/properties.js (L503)","etiqueta/HTML","Mover / Copiar selección",""
"js/ui/properties.js (L505)","etiqueta/HTML","dX (m)",""
"js/ui/properties.js (L506)","etiqueta/HTML","dY (m)",""
"js/ui/properties.js (L507)","etiqueta/HTML","dZ (m)",""
"js/ui/properties.js (L511)","etiqueta/HTML","Copiar ×N",""
"js/ui/properties.js (L511)","tooltip","Crea copias desplazadas (array)",""
"js/ui/properties.js (L512)","tooltip","Desplaza la selección",""
"js/ui/properties.js (L515)","etiqueta/HTML","2ª dirección (array 2D) y espejar",""
"js/ui/properties.js (L523)","etiqueta/HTML","Array 2D = grilla rep × rep₂ (usa ""Copiar ×N"").",""
"js/ui/properties.js (L526)","etiqueta/HTML","Espejar plano",""
"js/ui/properties.js (L529)","tooltip","Crea una copia reflejada de la selección",""
"js/ui/properties.js (L532)","etiqueta/HTML","Ej.: dX=5, rep=10 → 10 copias cada 5 m. Con dY₂ y rep₂ se hace grilla 2D. Copias coincidentes se fusionan.",""
"js/ui/properties.js (L552)","etiqueta/HTML","Acciones · … elemento(s)",""
"js/ui/properties.js (L554)","etiqueta/HTML","Material a todos",""
"js/ui/properties.js (L559)","etiqueta/HTML","Sección a todos",""
"js/ui/properties.js (L564)","etiqueta/HTML","Discretizar (nº tramos c/u)",""
"js/ui/properties.js (L570)","etiqueta/HTML","Carga w (kN/m)",""
"js/ui/properties.js (L573)","etiqueta/HTML","Gravedad ↓",""
"js/ui/properties.js (L574)","etiqueta/HTML","Global +X",""
"js/ui/properties.js (L575)","etiqueta/HTML","Global +Y",""
"js/ui/properties.js (L576)","etiqueta/HTML","Local y",""
"js/ui/properties.js (L577)","etiqueta/HTML","Local z",""
"js/ui/properties.js (L582)","etiqueta/HTML","Aplicar carga",""
"js/ui/properties.js (L582)","tooltip","Asigna la misma carga distribuida a todos (reemplaza la previa en ese caso)",""
"js/ui/properties.js (L583)","etiqueta/HTML","Quitar carga",""
"js/ui/properties.js (L583)","tooltip","Quita las cargas distribuidas de estos elementos en el caso elegido",""
"js/ui/properties.js (L586)","etiqueta/HTML","Temperatura ΔT (°C)",""
"js/ui/properties.js (L586)","tooltip","Cambio uniforme de temperatura. Usa α del material → carga axial térmica.",""
"js/ui/properties.js (L589)","etiqueta/HTML","Aplicar ΔT",""
"js/ui/properties.js (L589)","tooltip","Asigna ΔT uniforme a los elementos (reemplaza la previa en ese caso)",""
"js/ui/properties.js (L590)","etiqueta/HTML","Quitar ΔT",""
"js/ui/properties.js (L590)","tooltip","Quita las cargas de temperatura de estos elementos en el caso elegido",""
"js/ui/properties.js (L594)","etiqueta/HTML","Unir colineales",""
"js/ui/properties.js (L594)","tooltip","Une tramos colineales en una sola barra",""
"js/ui/properties.js (L595)","etiqueta/HTML","Cortar en intersección",""
"js/ui/properties.js (L595)","tooltip","Crea un nodo común en el cruce de los 2 elementos",""
"js/ui/properties.js (L596)","tooltip","Oculta los elementos (Vista → Mostrar todo para revertir)",""
"js/ui/properties.js (L599)","etiqueta/HTML","Crear grupo (nombre)",""
"js/ui/properties.js (L600)","placeholder","ej. Cordón superior",""
"js/ui/properties.js (L632)","tooltip","Eliminar grupo",""
"js/ui/properties.js (L651)","etiqueta/HTML","Haga clic en un nodo, elemento o área para editar sus propiedades. Ctrl+clic para seleccionar varios.",""
"js/ui/properties.js (L652)","etiqueta/HTML","… elemento(s) oculto(s) · Vista → Mostrar todo",""
"js/ui/properties.js (L724)","etiqueta/HTML","Material y espesor",""
"js/ui/properties.js (L745)","tooltip","Deformación plana (ε_z=0) en vez de tensión plana (σ_z=0). Solo afecta la parte de membrana.",""
"js/ui/properties.js (L757)","etiqueta/HTML","Eliminar Área #…",""
"js/ui/properties.js (L776)","etiqueta/HTML","Carga térmica (por cara, #57)",""
"js/ui/properties.js (L778)","etiqueta/HTML","Caso de carga",""
"js/ui/properties.js (L781)","etiqueta/HTML","🟥 Cara +Z, ΔT (°C)",""
"js/ui/properties.js (L782)","tooltip","Temperatura de la cara superior (+z local, roja).",""
"js/ui/properties.js (L783)","etiqueta/HTML","🟦 Cara −Z, ΔT (°C)",""
"js/ui/properties.js (L784)","tooltip","Temperatura de la cara inferior (−z local, azul).",""
"js/ui/properties.js (L788)","tooltip","Quita la carga térmica de esta área en el caso elegido",""
"js/ui/properties.js (L813)","etiqueta/HTML","Tensiones (centro)",""
"js/ui/properties.js (L823)","etiqueta/HTML","Momentos de placa (kN·m/m, centro, local)",""
"js/ui/properties.js (L828)","etiqueta/HTML","Deformaciones de membrana (ε, centro, local)",""
"js/ui/properties.js (L839)","etiqueta/HTML","Desplazamientos nodales (δx, δy, δz)",""
"js/ui/properties.js (L922)","etiqueta/HTML","No hay nodos. Créelos en la vista 3D (tecla N) o con el botón de abajo.",""
"js/ui/properties.js (L1011)","etiqueta/HTML","No hay elementos. Créelos en la vista 3D (tecla E).",""
"js/ui/properties.js (L1118)","etiqueta/HTML","Masa tributaria",""
"js/ui/properties.js (L1128)","etiqueta/HTML","[Nodo CR]",""
"js/ui/properties.js (L1163)","tooltip","Modelo 2D: este GDL fuera del plano se restringe automáticamente",""
"js/ui/properties.js (L1178)","tooltip","Modelo 2D: todos los nodos están en el plano Y=0",""
"js/ui/properties.js (L1184)","etiqueta/HTML","Restricciones (1 = fijo)",""
"js/ui/properties.js (L1187)","etiqueta/HTML","Fijar Todo (empotramiento total)",""
"js/ui/properties.js (L1187)","tooltip","Fija las 6 GDL (3 traslaciones + 3 giros): empotramiento, resiste fuerzas y momentos.",""
"js/ui/properties.js (L1189)","etiqueta/HTML","Liberar Todo",""
"js/ui/properties.js (L1190)","etiqueta/HTML","Pin (rótula)",""
"js/ui/properties.js (L1190)","tooltip","Apoyo articulado: fija traslaciones, libera giros (no resiste momentos).",""
"js/ui/properties.js (L1200)","etiqueta/HTML","kUX (kN/m)",""
"js/ui/properties.js (L1203)","etiqueta/HTML","kUY (kN/m)",""
"js/ui/properties.js (L1206)","etiqueta/HTML","kUZ (kN/m)",""
"js/ui/properties.js (L1211)","etiqueta/HTML","kRX (kN·m/rad)",""
"js/ui/properties.js (L1214)","etiqueta/HTML","kRY (kN·m/rad)",""
"js/ui/properties.js (L1217)","etiqueta/HTML","kRZ (kN·m/rad)",""
"js/ui/properties.js (L1233)","etiqueta/HTML","UX (m)",""
"js/ui/properties.js (L1236)","etiqueta/HTML","UY (m)",""
"js/ui/properties.js (L1239)","etiqueta/HTML","UZ (m)",""
"js/ui/properties.js (L1244)","etiqueta/HTML","RX (rad)",""
"js/ui/properties.js (L1247)","etiqueta/HTML","RY (rad)",""
"js/ui/properties.js (L1250)","etiqueta/HTML","RZ (rad)",""
"js/ui/properties.js (L1266)","etiqueta/HTML","mx (ton)",""
"js/ui/properties.js (L1269)","etiqueta/HTML","my (ton)",""
"js/ui/properties.js (L1272)","etiqueta/HTML","mz (ton)",""
"js/ui/properties.js (L1287)","etiqueta/HTML","Eliminar Nodo #…",""
"js/ui/properties.js (L1401)","tooltip","Liberar … (…): el esfuerzo … vale 0 en este extremo",""
"js/ui/properties.js (L1409)","tooltip","Rótula clásica: libera My y Mz en este extremo",""
"js/ui/properties.js (L1410)","tooltip","Quitar todas las liberaciones de este extremo",""
"js/ui/properties.js (L1423)","etiqueta/HTML","Nodo 1",""
"js/ui/properties.js (L1424)","etiqueta/HTML","Nodo 2",""
"js/ui/properties.js (L1451)","etiqueta/HTML","⚠ Liberar en exceso crea mecanismos (estructura inestable): el análisis lo detectará y avisará.",""
"js/ui/properties.js (L1455)","etiqueta/HTML","Cable / No lineal (NL-lite)",""
"js/ui/properties.js (L1456)","tooltip","El elemento se comporta como cable: solo resiste tracción (queda flojo en compresión, N=0). Para el análisis no lineal.",""
"js/ui/properties.js (L1459)","tooltip","El elemento solo resiste compresión (puntal/contacto): queda suelto en tracción (N=0). Excluyente con «Cable». Para el análisis no lineal.",""
"js/ui/properties.js (L1463)","etiqueta/HTML","L₀ / L (pretensado si <1)",""
"js/ui/properties.js (L1463)","tooltip","Longitud natural (sin tensión) ÷ longitud geométrica. 1 = sin pretensar. Menor que 1 = pretensado (tracción en reposo).",""
"js/ui/properties.js (L1467)","etiqueta/HTML","Se usa en Análisis → No lineal (actívalo en ⚙ Configuración). El análisis lineal (F5) ignora estos campos.",""
"js/ui/properties.js (L1467)","etiqueta/HTML","Se usa en",""
"js/ui/properties.js (L1471)","etiqueta/HTML","Cacho rígido (zona rígida de extremo)",""
"js/ui/properties.js (L1473)","etiqueta/HTML","Cacho i — nodo … (m)",""
"js/ui/properties.js (L1473)","tooltip","Longitud del tramo rígido en el extremo del nodo 1 (m).",""
"js/ui/properties.js (L1475)","etiqueta/HTML","Cacho j — nodo … (m)",""
"js/ui/properties.js (L1475)","tooltip","Longitud del tramo rígido en el extremo del nodo 2 (m).",""
"js/ui/properties.js (L1482)","etiqueta/HTML","Herramientas Didácticas",""
"js/ui/properties.js (L1484)","tooltip","Ver Ke local, T, Ke global y Me de este elemento — para comparar con el cálculo manual del curso",""
"js/ui/properties.js (L1488)","tooltip","Diagrama de cuerpo libre: fuerzas de extremo que actúan sobre el elemento + verificación ΣF=0 ΣM=0 (requiere análisis F5)",""
"js/ui/properties.js (L1496)","etiqueta/HTML","Nº de partes",""
"js/ui/properties.js (L1500)","etiqueta/HTML","Dividir en N",""
"js/ui/properties.js (L1500)","tooltip","Divide este elemento en N tramos iguales",""
"js/ui/properties.js (L1504)","etiqueta/HTML","Tramo (m)",""
"js/ui/properties.js (L1508)","etiqueta/HTML","Dividir c/L",""
"js/ui/properties.js (L1508)","tooltip","Divide este elemento en tramos de ≈ esta longitud",""
"js/ui/properties.js (L1511)","etiqueta/HTML","Para volver a unir: seleccione los tramos con Ctrl+clic y use Editar → Unir Elementos Seleccionados (o Ctrl+Z).",""
"js/ui/properties.js (L1515)","etiqueta/HTML","Eliminar Elemento #…",""
"js/ui/properties.js (L1690)","etiqueta/HTML","Gravedad ↓ (w>0 = abajo)",""
"js/ui/properties.js (L1697)","etiqueta/HTML","w en i (kN/m)",""
"js/ui/properties.js (L1700)","etiqueta/HTML","w en j (kN/m)",""
"js/ui/properties.js (L1701)","placeholder","= w (uniforme)",""
"js/ui/properties.js (L1772)","etiqueta/HTML","Fuerzas Internas",""
"js/ui/properties.js (L1792)","etiqueta/HTML","Insertar material estándar",""
"js/ui/properties.js (L1793)","etiqueta/HTML","— catálogo —",""
"js/ui/properties.js (L1794)","etiqueta/HTML","＋ Insertar",""
"js/ui/properties.js (L1828)","etiqueta/HTML","ρ (ton/m³)",""
"js/ui/properties.js (L1831)","etiqueta/HTML","E (kN/m²)",""
"js/ui/properties.js (L1832)","etiqueta/HTML","G (kN/m²)",""
"js/ui/properties.js (L1836)","tooltip","Coef. de dilatación térmica (hormigón ~1e-5, acero ~1.2e-5). Para cargas de temperatura ΔT.",""
"js/ui/properties.js (L1872)","etiqueta/HTML","… (MPa)",""
"js/ui/properties.js (L1880)","etiqueta/HTML","Familia «auto»: se clasifica por el nombre y se usan las resistencias del respaldo (diseno_params.json).",""
"js/ui/properties.js (L1888)","tooltip","Familia y resistencias para la verificación de diseño (AISC 360, Eurocódigo 3, ACI 318, NCh1198). Ver docs/diseno.md.",""
"js/ui/properties.js (L2037)","etiqueta/HTML","▶ Ejecutar",""
"js/ui/properties.js (L2109)","etiqueta/HTML","Modificadores de rigidez (× A, I, J — p.ej. sección agrietada ACI)",""
"js/ui/properties.js (L2174)","etiqueta/HTML","Vértices del contorno «x, y» por línea (m)",""
"js/ui/properties.js (L2178)","etiqueta/HTML","clic = agregar · arrastrar = mover · doble clic = borrar",""
"js/ui/properties.js (L2180)","etiqueta/HTML","Huecos (lazos separados por línea en blanco, opcional)",""
"js/ui/properties.js (L2182)","etiqueta/HTML","Calcula A, Iz, Iy, Iyz, ejes principales, S y Z plástico. Pulse «Calcular A, I, J».",""
"js/ui/properties.js (L2184)","etiqueta/HTML","Genérica: el diseño usa un rectángulo equivalente a partir de A, I.",""
"js/ui/properties.js (L2193)","etiqueta/HTML","Forma (diseño)",""
"js/ui/properties.js (L2193)","tooltip","Forma del perfil para el diseño: deriva módulos plásticos, esbelteces, etc. Ver docs/diseno.md.",""
"js/ui/properties.js (L2195)","etiqueta/HTML","Perfil tabulado (catálogo)",""
"js/ui/properties.js (L2196)","etiqueta/HTML","— elegir perfil comercial —",""
"js/ui/properties.js (L2206)","etiqueta/HTML","ρ armadura (H.A.)",""
"js/ui/properties.js (L2206)","tooltip","Cuantía longitudinal (fallback si no se dan barras explícitas)",""
"js/ui/properties.js (L2207)","etiqueta/HTML","recubr. (mm)",""
"js/ui/properties.js (L2209)","tooltip","Barras longitudinales explícitas para el diagrama P-M (#70). Tienen prioridad sobre ρ.",""
"js/ui/properties.js (L2210)","etiqueta/HTML","n sup.",""
"js/ui/properties.js (L2211)","etiqueta/HTML","n inf.",""
"js/ui/properties.js (L2212)","etiqueta/HTML","φ barra (mm)",""
"js/ui/properties.js (L2214)","tooltip","Estribos para el corte: φVn = φ(Vc+Vs), Vs=Av·fy·d/s (#70).",""
"js/ui/properties.js (L2215)","etiqueta/HTML","estribo φ (mm)",""
"js/ui/properties.js (L2216)","etiqueta/HTML","sep. s (mm)",""
"js/ui/properties.js (L2218)","etiqueta/HTML","↻ Calcular A, I, J desde la forma",""
"js/ui/properties.js (L2218)","tooltip","Calcula A, Iz, Iy, J, Av desde las dimensiones y los escribe en la sección (para el análisis y el diseño).",""
"js/ui/properties.js (L2426)","etiqueta/HTML","Forma de sección",""
"js/ui/properties.js (L2428)","etiqueta/HTML","Rectangular (b × h)",""
"js/ui/properties.js (L2429)","etiqueta/HTML","Circular sólida (D)",""
"js/ui/properties.js (L2430)","etiqueta/HTML","Rectangular hueca",""
"js/ui/properties.js (L2431)","etiqueta/HTML","Tubular circular",""
"js/ui/properties.js (L2432)","etiqueta/HTML","Perfil IPE (tabla)",""
"js/ui/properties.js (L2433)","etiqueta/HTML","Perfil HEB (tabla)",""
"js/ui/properties.js (L2469)","etiqueta/HTML","t espesor (m)",""
"js/ui/properties.js (L2474)","etiqueta/HTML","D ext (m)",""
"js/ui/properties.js (L2479)","etiqueta/HTML","Perfil IPE",""
"js/ui/properties.js (L2481)","etiqueta/HTML","Perfil HEB",""
"js/ui/properties.js (L2528)","etiqueta/HTML","⚠ Dimensiones inválidas",""
"js/ui/properties.js (L2687)","etiqueta/HTML","No hay diafragmas definidos. Use ""Auto-detectar Pisos"" o agregue uno manualmente.",""
"js/ui/properties.js (L2709)","etiqueta/HTML","… nodos | Z=…",""
"js/ui/properties.js (L2719)","etiqueta/HTML","Z piso (m)",""
"js/ui/properties.js (L2722)","etiqueta/HTML","Nodo CR (master) ID",""
"js/ui/properties.js (L2726)","etiqueta/HTML","Centro de Rigidez (CR) — calculado",""
"js/ui/properties.js (L2728)","etiqueta/HTML","CR x (m)",""
"js/ui/properties.js (L2731)","etiqueta/HTML","CR y (m)",""
"js/ui/properties.js (L2735)","etiqueta/HTML","Centro de Masa (CM) — calculado",""
"js/ui/properties.js (L2737)","etiqueta/HTML","CM x (m)",""
"js/ui/properties.js (L2740)","etiqueta/HTML","CM y (m)",""
"js/ui/properties.js (L2744)","etiqueta/HTML","Masa Concentrada",""
"js/ui/properties.js (L2746)","etiqueta/HTML","m (ton)",""
"js/ui/properties.js (L2749)","etiqueta/HTML","Icm (ton·m²)",""
"js/ui/properties.js (L2753)","etiqueta/HTML","Excentricidad Accidental",""
"js/ui/properties.js (L2762)","etiqueta/HTML","Nodos del Piso",""
"js/ui/properties.js (L2765)","etiqueta/HTML","IDs (separados por coma)",""
"js/ui/properties.js (L2770)","etiqueta/HTML","⟳ Recalcular CM/CR",""
"js/ui/properties.js (L69)","mensaje/JS","Escribe una descripción del modelo",""
"js/ui/properties.js (L77)","mensaje/JS","Escribe qué cambio hacer",""
"js/ui/properties.js (L1566)","mensaje/JS","Ingrese 2 o más partes",""
"js/ui/properties.js (L1571)","mensaje/JS","Ingrese una longitud válida",""
"js/ui/properties.js (L1666)","mensaje/JS","Carga aplicada",""
"js/ui/properties.js (L1676)","mensaje/JS","Carga eliminada",""
"js/ui/properties.js (L1807)","mensaje/JS","Material «…» agregado del catálogo",""
"js/ui/properties.js (L2023)","mensaje/JS","＋ Agregar Factor",""
"js/ui/properties.js (L2147)","mensaje/JS","Modificador de sección aplicado — recalcule el análisis (F5)",""
"js/ui/properties.js (L2234)","mensaje/JS","Perfil no encontrado",""
"js/ui/properties.js (L2239)","mensaje/JS","Perfil … aplicado (A, I, J y forma). Recalcule el análisis (F5).",""
"js/ui/properties.js (L2277)","mensaje/JS","Elija una forma con dimensiones primero",""
"js/ui/properties.js (L2281)","mensaje/JS","Faltan dimensiones de la forma",""
"js/ui/properties.js (L2286)","mensaje/JS","A, I, J calculados desde la forma …. Recalcule el análisis (F5).",""
"js/ui/properties.js (L2287)","mensaje/JS","No se pudo calcular:",""
"js/ui/properties.js (L2366)","mensaje/JS","El polígono necesita al menos 3 vértices",""
"js/ui/properties.js (L2385)","mensaje/JS","Calculadora de Sección",""
"js/ui/properties.js (L2842)","mensaje/JS","Necesitas ≥ 2 nodos válidos",""
"js/ui/properties.js (L2844)","mensaje/JS","CM y CR recalculados",""
"js/ui/viewport.js (L1092)","etiqueta/HTML","Vista 3D",""
"js/ui/viewport.js (L1094)","etiqueta/HTML","Eje … (Y=…)",""
"js/ui/viewport.js (L1096)","etiqueta/HTML","Eje … (X=…)",""
"js/ui/viewport.js (L1665)","etiqueta/HTML","Nuevo nodo:",""
"js/ui/viewport.js (L1966)","etiqueta/HTML","Empotrado (fijar todo)",""
"js/ui/viewport.js (L1966)","tooltip","Empotramiento total: fija las 6 GDL (resiste fuerzas y momentos).",""
"js/ui/viewport.js (L1967)","etiqueta/HTML","Rótula (Pin)",""
"js/ui/viewport.js (L1970)","etiqueta/HTML","Rodillo (libre X,Y)",""
"js/ui/viewport.js (L218)","mensaje/JS","Área: selección reiniciada",""
"js/ui/viewport.js (L222)","mensaje/JS","Mallado: selección reiniciada",""
"js/ui/viewport.js (L1430)","mensaje/JS","CM Diafragma #…",""
"js/ui/viewport.js (L1437)","mensaje/JS","Diafragma #… seleccionado",""
"js/ui/viewport.js (L1484)","mensaje/JS","… seleccionado",""
"js/ui/viewport.js (L1535)","mensaje/JS","… nodo(s) inestables resaltados",""
"js/ui/viewport.js (L1734)","mensaje/JS","Haga clic dentro del área de trabajo",""
"js/ui/viewport.js (L1740)","mensaje/JS","Nodo #… → clic para el destino (o grilla) · Esc para terminar",""
"js/ui/viewport.js (L1743)","mensaje/JS","Los nodos deben ser distintos",""
"js/ui/viewport.js (L1751)","mensaje/JS","Nodo #… → clic para encadenar otro tramo · Esc para terminar",""
"js/ui/viewport.js (L1760)","mensaje/JS","Clic sobre un nodo (las áreas se forman con nodos)",""
"js/ui/viewport.js (L1765)","mensaje/JS","Máximo 4 nodos. Enter para crear o Esc para reiniciar.",""
"js/ui/viewport.js (L1776)","mensaje/JS","Seleccione 3 (CST) o 4 (QUAD) nodos",""
"js/ui/viewport.js (L1808)","mensaje/JS","Clic sobre un nodo del contorno a mallar",""
"js/ui/viewport.js (L1814)","mensaje/JS","El panel transfinito usa 4 esquinas. Enter para mallar o Esc para reiniciar.",""
"js/ui/viewport.js (L1821)","mensaje/JS","Mallar panel: …/4 esquinas",""
"js/ui/viewport.js (L1830)","mensaje/JS","El panel transfinito necesita 4 nodos esquina",""
"js/ui/viewport.js (L1831)","mensaje/JS","La región libre necesita ≥3 nodos de contorno",""
"js/ui/viewport.js (L2104)","mensaje/JS","Modo: …",""
"js/ui/viewport.js (L2836)","mensaje/JS","Elemento #…",""
"js/ui/viewport.js (L2874)","mensaje/JS","Nodo #…",""
